filename,object_location,image_small,image_thumb
NC_AmRev_000.jpg,/objects/NC_AmRev_000.jpg,/objects/small/nc_amrev_000_sm.jpg,/objects/thumbs/nc_amrev_000_th.jpg
NC_AmRev_001.jpg,/objects/NC_AmRev_001.jpg,/objects/small/nc_amrev_001_sm.jpg,/objects/thumbs/nc_amrev_001_th.jpg
NC_AmRev_002.jpg,/objects/NC_AmRev_002.jpg,/objects/small/nc_amrev_002_sm.jpg,/objects/thumbs/nc_amrev_002_th.jpg
NC_AmRev_003.jpg,/objects/NC_AmRev_003.jpg,/objects/small/nc_amrev_003_sm.jpg,/objects/thumbs/nc_amrev_003_th.jpg
NC_AmRev_004.jpg,/objects/NC_AmRev_004.jpg,/objects/small/nc_amrev_004_sm.jpg,/objects/thumbs/nc_amrev_004_th.jpg
NC_AmRev_005.jpg,/objects/NC_AmRev_005.jpg,/objects/small/nc_amrev_005_sm.jpg,/objects/thumbs/nc_amrev_005_th.jpg
NC_AmRev_006.jpg,/objects/NC_AmRev_006.jpg,/objects/small/nc_amrev_006_sm.jpg,/objects/thumbs/nc_amrev_006_th.jpg
NC_AmRev_007.jpg,/objects/NC_AmRev_007.jpg,/objects/small/nc_amrev_007_sm.jpg,/objects/thumbs/nc_amrev_007_th.jpg
NC_AmRev_008.jpg,/objects/NC_AmRev_008.jpg,/objects/small/nc_amrev_008_sm.jpg,/objects/thumbs/nc_amrev_008_th.jpg
NC_AmRev_009.jpg,/objects/NC_AmRev_009.jpg,/objects/small/nc_amrev_009_sm.jpg,/objects/thumbs/nc_amrev_009_th.jpg
NC_AmRev_010.jpg,/objects/NC_AmRev_010.jpg,/objects/small/nc_amrev_010_sm.jpg,/objects/thumbs/nc_amrev_010_th.jpg
NC_AmRev_011.jpg,/objects/NC_AmRev_011.jpg,/objects/small/nc_amrev_011_sm.jpg,/objects/thumbs/nc_amrev_011_th.jpg
NC_AmRev_012.jpg,/objects/NC_AmRev_012.jpg,/objects/small/nc_amrev_012_sm.jpg,/objects/thumbs/nc_amrev_012_th.jpg
NC_AmRev_013.jpg,/objects/NC_AmRev_013.jpg,/objects/small/nc_amrev_013_sm.jpg,/objects/thumbs/nc_amrev_013_th.jpg
NC_AmRev_014.jpg,/objects/NC_AmRev_014.jpg,/objects/small/nc_amrev_014_sm.jpg,/objects/thumbs/nc_amrev_014_th.jpg
NC_AmRev_015.jpg,/objects/NC_AmRev_015.jpg,/objects/small/nc_amrev_015_sm.jpg,/objects/thumbs/nc_amrev_015_th.jpg
NC_AmRev_016.jpg,/objects/NC_AmRev_016.jpg,/objects/small/nc_amrev_016_sm.jpg,/objects/thumbs/nc_amrev_016_th.jpg
NC_AmRev_017.jpg,/objects/NC_AmRev_017.jpg,/objects/small/nc_amrev_017_sm.jpg,/objects/thumbs/nc_amrev_017_th.jpg
NC_AmRev_018.jpg,/objects/NC_AmRev_018.jpg,/objects/small/nc_amrev_018_sm.jpg,/objects/thumbs/nc_amrev_018_th.jpg
NC_AmRev_019.jpg,/objects/NC_AmRev_019.jpg,/objects/small/nc_amrev_019_sm.jpg,/objects/thumbs/nc_amrev_019_th.jpg
NC_AmRev_020.jpg,/objects/NC_AmRev_020.jpg,/objects/small/nc_amrev_020_sm.jpg,/objects/thumbs/nc_amrev_020_th.jpg
NC_AmRev_021.jpg,/objects/NC_AmRev_021.jpg,/objects/small/nc_amrev_021_sm.jpg,/objects/thumbs/nc_amrev_021_th.jpg
NC_AmRev_022.jpg,/objects/NC_AmRev_022.jpg,/objects/small/nc_amrev_022_sm.jpg,/objects/thumbs/nc_amrev_022_th.jpg
NC_AmRev_023.jpg,/objects/NC_AmRev_023.jpg,/objects/small/nc_amrev_023_sm.jpg,/objects/thumbs/nc_amrev_023_th.jpg
NC_AmRev_024.jpg,/objects/NC_AmRev_024.jpg,/objects/small/nc_amrev_024_sm.jpg,/objects/thumbs/nc_amrev_024_th.jpg
NC_AmRev_025.jpg,/objects/NC_AmRev_025.jpg,/objects/small/nc_amrev_025_sm.jpg,/objects/thumbs/nc_amrev_025_th.jpg
NC_AmRev_026.jpg,/objects/NC_AmRev_026.jpg,/objects/small/nc_amrev_026_sm.jpg,/objects/thumbs/nc_amrev_026_th.jpg
NC_AmRev_027.jpg,/objects/NC_AmRev_027.jpg,/objects/small/nc_amrev_027_sm.jpg,/objects/thumbs/nc_amrev_027_th.jpg
NC_AmRev_028.jpg,/objects/NC_AmRev_028.jpg,/objects/small/nc_amrev_028_sm.jpg,/objects/thumbs/nc_amrev_028_th.jpg
NC_AmRev_029.jpg,/objects/NC_AmRev_029.jpg,/objects/small/nc_amrev_029_sm.jpg,/objects/thumbs/nc_amrev_029_th.jpg
NC_AmRev_030.jpg,/objects/NC_AmRev_030.jpg,/objects/small/nc_amrev_030_sm.jpg,/objects/thumbs/nc_amrev_030_th.jpg
NC_AmRev_031.jpg,/objects/NC_AmRev_031.jpg,/objects/small/nc_amrev_031_sm.jpg,/objects/thumbs/nc_amrev_031_th.jpg
NC_AmRev_032.jpg,/objects/NC_AmRev_032.jpg,/objects/small/nc_amrev_032_sm.jpg,/objects/thumbs/nc_amrev_032_th.jpg
NC_AmRev_033.jpg,/objects/NC_AmRev_033.jpg,/objects/small/nc_amrev_033_sm.jpg,/objects/thumbs/nc_amrev_033_th.jpg
NC_AmRev_034.jpg,/objects/NC_AmRev_034.jpg,/objects/small/nc_amrev_034_sm.jpg,/objects/thumbs/nc_amrev_034_th.jpg
NC_AmRev_035.jpg,/objects/NC_AmRev_035.jpg,/objects/small/nc_amrev_035_sm.jpg,/objects/thumbs/nc_amrev_035_th.jpg
NC_AmRev_036.jpg,/objects/NC_AmRev_036.jpg,/objects/small/nc_amrev_036_sm.jpg,/objects/thumbs/nc_amrev_036_th.jpg
NC_AmRev_037.jpg,/objects/NC_AmRev_037.jpg,/objects/small/nc_amrev_037_sm.jpg,/objects/thumbs/nc_amrev_037_th.jpg
NC_AmRev_038.jpg,/objects/NC_AmRev_038.jpg,/objects/small/nc_amrev_038_sm.jpg,/objects/thumbs/nc_amrev_038_th.jpg
NC_AmRev_039.jpg,/objects/NC_AmRev_039.jpg,/objects/small/nc_amrev_039_sm.jpg,/objects/thumbs/nc_amrev_039_th.jpg
NC_AmRev_040.jpg,/objects/NC_AmRev_040.jpg,/objects/small/nc_amrev_040_sm.jpg,/objects/thumbs/nc_amrev_040_th.jpg
NC_AmRev_041.jpg,/objects/NC_AmRev_041.jpg,/objects/small/nc_amrev_041_sm.jpg,/objects/thumbs/nc_amrev_041_th.jpg
NC_AmRev_042.jpg,/objects/NC_AmRev_042.jpg,/objects/small/nc_amrev_042_sm.jpg,/objects/thumbs/nc_amrev_042_th.jpg
NC_AmRev_043.jpg,/objects/NC_AmRev_043.jpg,/objects/small/nc_amrev_043_sm.jpg,/objects/thumbs/nc_amrev_043_th.jpg
NC_AmRev_044.jpg,/objects/NC_AmRev_044.jpg,/objects/small/nc_amrev_044_sm.jpg,/objects/thumbs/nc_amrev_044_th.jpg
NC_AmRev_045.png,/objects/NC_AmRev_045.png,/objects/small/nc_amrev_045_sm.jpg,/objects/thumbs/nc_amrev_045_th.jpg
NC_AmRev_046.jpg,/objects/NC_AmRev_046.jpg,/objects/small/nc_amrev_046_sm.jpg,/objects/thumbs/nc_amrev_046_th.jpg
NC_AmRev_047.png,/objects/NC_AmRev_047.png,/objects/small/nc_amrev_047_sm.jpg,/objects/thumbs/nc_amrev_047_th.jpg
NC_AmRev_048.jpg,/objects/NC_AmRev_048.jpg,/objects/small/nc_amrev_048_sm.jpg,/objects/thumbs/nc_amrev_048_th.jpg
NC_AmRev_049.jpg,/objects/NC_AmRev_049.jpg,/objects/small/nc_amrev_049_sm.jpg,/objects/thumbs/nc_amrev_049_th.jpg
NC_AmRev_050.jpg,/objects/NC_AmRev_050.jpg,/objects/small/nc_amrev_050_sm.jpg,/objects/thumbs/nc_amrev_050_th.jpg
NC_AmRev_051.jpg,/objects/NC_AmRev_051.jpg,/objects/small/nc_amrev_051_sm.jpg,/objects/thumbs/nc_amrev_051_th.jpg
NC_AmRev_052.jpg,/objects/NC_AmRev_052.jpg,/objects/small/nc_amrev_052_sm.jpg,/objects/thumbs/nc_amrev_052_th.jpg
NC_AmRev_053.jpg,/objects/NC_AmRev_053.jpg,/objects/small/nc_amrev_053_sm.jpg,/objects/thumbs/nc_amrev_053_th.jpg
NC_AmRev_054.jpeg,/objects/NC_AmRev_054.jpeg,/objects/small/nc_amrev_054_sm.jpg,/objects/thumbs/nc_amrev_054_th.jpg
NC_AmRev_055.jpg,/objects/NC_AmRev_055.jpg,/objects/small/nc_amrev_055_sm.jpg,/objects/thumbs/nc_amrev_055_th.jpg
NC_AmRev_056.jpg,/objects/NC_AmRev_056.jpg,/objects/small/nc_amrev_056_sm.jpg,/objects/thumbs/nc_amrev_056_th.jpg
NC_AmRev_057.jpg,/objects/NC_AmRev_057.jpg,/objects/small/nc_amrev_057_sm.jpg,/objects/thumbs/nc_amrev_057_th.jpg
NC_AmRev_058.jpg,/objects/NC_AmRev_058.jpg,/objects/small/nc_amrev_058_sm.jpg,/objects/thumbs/nc_amrev_058_th.jpg
NC_AmRev_059.jpg,/objects/NC_AmRev_059.jpg,/objects/small/nc_amrev_059_sm.jpg,/objects/thumbs/nc_amrev_059_th.jpg
NC_AmRev_060.png,/objects/NC_AmRev_060.png,/objects/small/nc_amrev_060_sm.jpg,/objects/thumbs/nc_amrev_060_th.jpg
NC_AmRev_061.jpg,/objects/NC_AmRev_061.jpg,/objects/small/nc_amrev_061_sm.jpg,/objects/thumbs/nc_amrev_061_th.jpg
NC_AmRev_062.png,/objects/NC_AmRev_062.png,/objects/small/nc_amrev_062_sm.jpg,/objects/thumbs/nc_amrev_062_th.jpg
NC_AmRev_063.jpg,/objects/NC_AmRev_063.jpg,/objects/small/nc_amrev_063_sm.jpg,/objects/thumbs/nc_amrev_063_th.jpg
NC_AmRev_064.jpg,/objects/NC_AmRev_064.jpg,/objects/small/nc_amrev_064_sm.jpg,/objects/thumbs/nc_amrev_064_th.jpg
NC_AmRev_066.jpg,/objects/NC_AmRev_066.jpg,/objects/small/nc_amrev_066_sm.jpg,/objects/thumbs/nc_amrev_066_th.jpg
NC_AmRev_067.png,/objects/NC_AmRev_067.png,/objects/small/nc_amrev_067_sm.jpg,/objects/thumbs/nc_amrev_067_th.jpg
NC_AmRev_068.jpg,/objects/NC_AmRev_068.jpg,/objects/small/nc_amrev_068_sm.jpg,/objects/thumbs/nc_amrev_068_th.jpg
NC_AmRev_069.jpg,/objects/NC_AmRev_069.jpg,/objects/small/nc_amrev_069_sm.jpg,/objects/thumbs/nc_amrev_069_th.jpg
NC_AmRev_070.jpg,/objects/NC_AmRev_070.jpg,/objects/small/nc_amrev_070_sm.jpg,/objects/thumbs/nc_amrev_070_th.jpg
NC_AmRev_071.jpg,/objects/NC_AmRev_071.jpg,/objects/small/nc_amrev_071_sm.jpg,/objects/thumbs/nc_amrev_071_th.jpg
NC_AmRev_072.jpg,/objects/NC_AmRev_072.jpg,/objects/small/nc_amrev_072_sm.jpg,/objects/thumbs/nc_amrev_072_th.jpg
NC_AmRev_074.jpg,/objects/NC_AmRev_074.jpg,/objects/small/nc_amrev_074_sm.jpg,/objects/thumbs/nc_amrev_074_th.jpg
NC_AmRev_075.jpeg,/objects/NC_AmRev_075.jpeg,/objects/small/nc_amrev_075_sm.jpg,/objects/thumbs/nc_amrev_075_th.jpg
NC_AmRev_076.jpg,/objects/NC_AmRev_076.jpg,/objects/small/nc_amrev_076_sm.jpg,/objects/thumbs/nc_amrev_076_th.jpg
NC_AmRev_077.jpg,/objects/NC_AmRev_077.jpg,/objects/small/nc_amrev_077_sm.jpg,/objects/thumbs/nc_amrev_077_th.jpg
NC_AmRev_078.jpg,/objects/NC_AmRev_078.jpg,/objects/small/nc_amrev_078_sm.jpg,/objects/thumbs/nc_amrev_078_th.jpg
NC_AmRev_079.jpg,/objects/NC_AmRev_079.jpg,/objects/small/nc_amrev_079_sm.jpg,/objects/thumbs/nc_amrev_079_th.jpg
NC_AmRev_080.jpg,/objects/NC_AmRev_080.jpg,/objects/small/nc_amrev_080_sm.jpg,/objects/thumbs/nc_amrev_080_th.jpg
NC_AmRev_081.jpg,/objects/NC_AmRev_081.jpg,/objects/small/nc_amrev_081_sm.jpg,/objects/thumbs/nc_amrev_081_th.jpg
NC_AmRev_082.png,/objects/NC_AmRev_082.png,/objects/small/nc_amrev_082_sm.jpg,/objects/thumbs/nc_amrev_082_th.jpg
NC_AmRev_083.jpg,/objects/NC_AmRev_083.jpg,/objects/small/nc_amrev_083_sm.jpg,/objects/thumbs/nc_amrev_083_th.jpg
NC_AmRev_084.png,/objects/NC_AmRev_084.png,/objects/small/nc_amrev_084_sm.jpg,/objects/thumbs/nc_amrev_084_th.jpg
NC_AmRev_089.jpg,/objects/NC_AmRev_089.jpg,/objects/small/nc_amrev_089_sm.jpg,/objects/thumbs/nc_amrev_089_th.jpg
NC_AmRev_090.jpg,/objects/NC_AmRev_090.jpg,/objects/small/nc_amrev_090_sm.jpg,/objects/thumbs/nc_amrev_090_th.jpg
NC_AmRev_091.jpg,/objects/NC_AmRev_091.jpg,/objects/small/nc_amrev_091_sm.jpg,/objects/thumbs/nc_amrev_091_th.jpg
NC_AmRev_092.jpg,/objects/NC_AmRev_092.jpg,/objects/small/nc_amrev_092_sm.jpg,/objects/thumbs/nc_amrev_092_th.jpg
NC_AmRev_093.jpg,/objects/NC_AmRev_093.jpg,/objects/small/nc_amrev_093_sm.jpg,/objects/thumbs/nc_amrev_093_th.jpg
NC_AmRev_094.jpg,/objects/NC_AmRev_094.jpg,/objects/small/nc_amrev_094_sm.jpg,/objects/thumbs/nc_amrev_094_th.jpg
NC_AmRev_095.jpg,/objects/NC_AmRev_095.jpg,/objects/small/nc_amrev_095_sm.jpg,/objects/thumbs/nc_amrev_095_th.jpg
NC_AmRev_096.jpg,/objects/NC_AmRev_096.jpg,/objects/small/nc_amrev_096_sm.jpg,/objects/thumbs/nc_amrev_096_th.jpg
NC_AmRev_097.jpg,/objects/NC_AmRev_097.jpg,/objects/small/nc_amrev_097_sm.jpg,/objects/thumbs/nc_amrev_097_th.jpg
NC_AmRev_098.jpg,/objects/NC_AmRev_098.jpg,/objects/small/nc_amrev_098_sm.jpg,/objects/thumbs/nc_amrev_098_th.jpg
NC_AmRev_099.jpg,/objects/NC_AmRev_099.jpg,/objects/small/nc_amrev_099_sm.jpg,/objects/thumbs/nc_amrev_099_th.jpg
NC_AmRev_100.jpg,/objects/NC_AmRev_100.jpg,/objects/small/nc_amrev_100_sm.jpg,/objects/thumbs/nc_amrev_100_th.jpg
NC_AmRev_101.jpg,/objects/NC_AmRev_101.jpg,/objects/small/nc_amrev_101_sm.jpg,/objects/thumbs/nc_amrev_101_th.jpg
NC_AmRev_102.jpg,/objects/NC_AmRev_102.jpg,/objects/small/nc_amrev_102_sm.jpg,/objects/thumbs/nc_amrev_102_th.jpg
NC_AmRev_103.jpg,/objects/NC_AmRev_103.jpg,/objects/small/nc_amrev_103_sm.jpg,/objects/thumbs/nc_amrev_103_th.jpg
